-- =====================================================
-- SEED DATA FROM CSV FILES
-- =====================================================

-- 1. Insert sites
INSERT INTO public.sites (sites) VALUES
  ('Branches (5)'),
  ('Luzon IBCs (13)'),
  ('Visayas IBCs (3)'),
  ('Mindanao IBCs (2)'),
  ('International IBCs (6)')
ON CONFLICT (sites) DO NOTHING;

-- 2. Insert resource folders
INSERT INTO public.resource_folders (folder_name, images) VALUES
  ('Packages', 'https://storage.googleapis.com/glide-prod.appspot.com/uploads-v2/LtUkPr9JWUX1rz6JlzG1/pub/f3CChPpip8u6BiySf2RX.jpg'),
  ('Products', 'https://storage.googleapis.com/glide-prod.appspot.com/uploads-v2/LtUkPr9JWUX1rz6JlzG1/pub/qjf9VMxRngRLFVk1ip6d.jpg'),
  ('Sports/Super Cars', 'https://storage.googleapis.com/glide-prod.appspot.com/uploads-v2/LtUkPr9JWUX1rz6JlzG1/pub/DhEPcLBOV6M0H6LJu0bq.jpg'),
  ('Testimonies', 'https://storage.googleapis.com/glide-prod.appspot.com/uploads-v2/LtUkPr9JWUX1rz6JlzG1/pub/s0dC3L8dH4Jc5dq4Z1tw.png'),
  ('Files', 'https://storage.googleapis.com/glide-prod.appspot.com/uploads-v2/LtUkPr9JWUX1rz6JlzG1/pub/2LQVV5LDjTEbxjQlnQs7.png'),
  ('Memos and Processes', 'https://storage.googleapis.com/glide-prod.appspot.com/uploads-v2/LtUkPr9JWUX1rz6JlzG1/pub/5ueCuTRqBK4pVe7ek9lf.png'),
  ('How to Rank-Up', 'https://storage.googleapis.com/glide-prod.appspot.com/uploads-v2/LtUkPr9JWUX1rz6JlzG1/pub/DR2UTBLbYXow7V7wTEJI.png'),
  ('2025 Q4 Incentive', 'https://storage.googleapis.com/glide-prod.appspot.com/uploads-v2/LtUkPr9JWUX1rz6JlzG1/pub/xBbzOxWUbP1XZIOON4bg.jpg'),
  ('FDA Documentations', 'https://www.fda.gov.ph/wp-content/uploads/2021/01/FDA-Web-Logo-small.png')
ON CONFLICT (folder_name) DO NOTHING;

-- 3. Insert training folders
INSERT INTO public.training_folders (folder_name, images) VALUES
  ('10 Must Watch Videos', 'https://images.pexels.com/photos/865711/pexels-photo-865711.jpeg'),
  ('Ambassador Clips', 'https://storage.googleapis.com/glide-prod.appspot.com/uploads-v2/LtUkPr9JWUX1rz6JlzG1/pub/AtDinRS6UmdiIgiLN5Ug.jpg'),
  ('TJ''s Corner', 'https://storage.googleapis.com/glide-prod.appspot.com/uploads-v2/LtUkPr9JWUX1rz6JlzG1/pub/WAOZzwnHbtzSce8c3lsX.jpg'),
  ('CEO''s Corner', 'https://storage.googleapis.com/glide-prod.appspot.com/uploads-v2/LtUkPr9JWUX1rz6JlzG1/pub/GXBgHLCgSFsXLXbaKA5k.jpg'),
  ('More to Watch', 'https://storage.googleapis.com/glide-prod.appspot.com/uploads-v2/LtUkPr9JWUX1rz6JlzG1/pub/xlgiKH8I8ygks2WxGUgu.png')
ON CONFLICT (folder_name) DO NOTHING;

-- 4. Insert IAM links
INSERT INTO public.iam_links (name, link) VALUES
  ('IAM Worldwide Website', 'https://www.iam-worldwide.com/'),
  ('Member''s Log-in', 'https://login.iam-worldwidecorp.com/'),
  ('IAM School of Wisdom', 'https://www.facebook.com/IAMSchoolofWisdom'),
  ('E-Form and Online Pay-in', 'https://signup.iam-worldwidecorp.com/'),
  ('IAM AI Tools', 'https://iamhypertools.lovable.app/')
ON CONFLICT DO NOTHING;

-- 5. Insert 13 Ways
INSERT INTO public.ways_13 (content) VALUES
  ('https://docs.google.com/presentation/d/1vvlsOoJY0Ma5cmXwtgaVB9uD2HNXPSA7WRv7e_5wSR4/edit?usp=sharing'),
  ('https://drive.google.com/uc?export=download&id=1ZGL5nnshpjuM4h6GPIGePTktRLYT8n4U')
ON CONFLICT DO NOTHING;

-- 6. Insert ambassadors
INSERT INTO public.ambassadors_library (product_endorsed, endorser, thumbnail, drive_link, drive_share_link, video_file_url, folder_name) VALUES
  ('Caffé Macchiato', 'Alden Richards', 'https://storage.googleapis.com/glide-prod.appspot.com/uploads-v2/LtUkPr9JWUX1rz6JlzG1/pub/7udI0OcWXrGTLTAmOjE5.png', 'https://drive.google.com/uc?export=download&id=134mDLQg-F0ZEvIeAhshNajYV_z9zlh6v&confirm=t', 'https://drive.google.com/file/d/134mDLQg-F0ZEvIeAhshNajYV_z9zlh6v/view?usp=sharing', 'https://youtube.com/shorts/8gLIl6zCIao', 'Ambassador Clips'),
  ('Choco Barley', 'Andres Muhlach', 'https://storage.googleapis.com/glide-prod.appspot.com/uploads-v2/LtUkPr9JWUX1rz6JlzG1/pub/htBlVsjD56UZ4EBvTLRo.png', 'https://drive.google.com/uc?export=download&id=13PjPJfmhuB18XB4v9eop1YDJQ5Yre-eZ&confirm=t', 'https://drive.google.com/file/d/13PjPJfmhuB18XB4v9eop1YDJQ5Yre-eZ/view?usp=sharing', 'https://youtu.be/ctzMFqHIW5s', 'Ambassador Clips'),
  ('Choco Barley', 'Atasha Muhlach', 'https://storage.googleapis.com/glide-prod.appspot.com/uploads-v2/LtUkPr9JWUX1rz6JlzG1/pub/OxcbAFL8zqF7DoGUXGiX.png', 'https://drive.google.com/uc?export=download&id=1c2xgOf34fCH2m-uoMuJI-dY95EyWdaQK&confirm=t', 'https://drive.google.com/file/d/1c2xgOf34fCH2m-uoMuJI-dY95EyWdaQK/view?usp=sharing', 'https://youtu.be/8IuPtmaiE_A', 'Ambassador Clips'),
  ('Caffé Macchiato', 'IAM Worldwide', 'https://storage.googleapis.com/glide-prod.appspot.com/uploads-v2/LtUkPr9JWUX1rz6JlzG1/pub/Fz5kJcHvHFqyRmb0bBII.png', 'https://drive.google.com/uc?export=download&id=10NZY7u0zehHco2mCuBOA4wfEhIVXIzNg&confirm=t', 'https://drive.google.com/file/d/10NZY7u0zehHco2mCuBOA4wfEhIVXIzNg/view?usp=sharing', 'https://youtu.be/T6mm3WLL55I', 'Ambassador Clips'),
  ('Barley Soap', 'IAM Worldwide', 'https://storage.googleapis.com/glide-prod.appspot.com/uploads-v2/LtUkPr9JWUX1rz6JlzG1/pub/CHui3F9xoU7lQKCIM5ge.png', 'https://drive.google.com/uc?export=download&id=1YWx6pcDcnQKHGeiez0O7dpmt4mgc7WqS&confirm=t', 'https://drive.google.com/file/d/1YWx6pcDcnQKHGeiez0O7dpmt4mgc7WqS/view?usp=sharing', 'https://youtu.be/fNdUiVcnrtw', 'Ambassador Clips'),
  ('IAM Worldwide', 'Heart Evangelista', 'https://storage.googleapis.com/glide-prod.appspot.com/uploads-v2/LtUkPr9JWUX1rz6JlzG1/pub/jJcPIk0km8eXCRWs7e3P.png', 'https://drive.google.com/uc?export=download&id=1bKgsMfCrm-nyR3WU3VqlDvLBiiXpE0dE&confirm=t', 'https://drive.google.com/file/d/1bKgsMfCrm-nyR3WU3VqlDvLBiiXpE0dE/view?usp=sharing', 'https://youtu.be/2_Rmr_nYDnQ', 'Ambassador Clips'),
  ('Amazing Slim Garcinia', 'Ji Chang Wook', 'https://storage.googleapis.com/glide-prod.appspot.com/uploads-v2/LtUkPr9JWUX1rz6JlzG1/pub/IsdYaUhJPLKB7NFX1wS0.png', 'https://drive.google.com/uc?export=download&id=1tfwBiBJue9bzmWmG6aylTA9iiDdGrHCr&confirm=t', 'https://drive.google.com/file/d/1tfwBiBJue9bzmWmG6aylTA9iiDdGrHCr/view?usp=sharing', 'https://youtu.be/LLVbV3vN0Oc', 'Ambassador Clips'),
  ('Amazing Pure Organic Barley', 'Ji Chang Wook', 'https://storage.googleapis.com/glide-prod.appspot.com/uploads-v2/LtUkPr9JWUX1rz6JlzG1/pub/2YoEu0vJqMAhejRKxIjn.png', 'https://drive.google.com/uc?export=download&id=1SgImw7DKpd5JOzhkWhYbWr23Na4WldHr&confirm=t', 'https://drive.google.com/file/d/1SgImw7DKpd5JOzhkWhYbWr23Na4WldHr/view?usp=sharing', 'https://youtu.be/IfzTu6IeKgM', 'Ambassador Clips'),
  ('Amazing Pure Organic Barley', 'Marian Rivera', 'https://storage.googleapis.com/glide-prod.appspot.com/uploads-v2/LtUkPr9JWUX1rz6JlzG1/pub/G3nsfrvGDBNyoSTrzQUI.png', 'https://drive.google.com/uc?export=download&id=1__x3wuoxNMVX_Oq6g4X2sEWLrdFD_fYN&confirm=t', 'https://drive.google.com/file/d/1__x3wuoxNMVX_Oq6g4X2sEWLrdFD_fYN/view?usp=sharing', 'https://youtube.com/shorts/cMzznXm8vG4', 'Ambassador Clips'),
  ('Amazing Pure Organic Barley', 'Small Laude', 'https://storage.googleapis.com/glide-prod.appspot.com/uploads-v2/LtUkPr9JWUX1rz6JlzG1/pub/e9BjFwiHkK3jTWsVIwxE.png', 'https://drive.google.com/uc?export=download&id=1T7iZWqPwjW-UeYYAryU2goj3tE7XjSek&confirm=t', 'https://drive.google.com/file/d/1T7iZWqPwjW-UeYYAryU2goj3tE7XjSek/view?usp=sharing', 'https://youtube.com/shorts/mvNel3PkJC8', 'Ambassador Clips'),
  ('IAM Worldwide', 'Small Laude', 'https://storage.googleapis.com/glide-prod.appspot.com/uploads-v2/LtUkPr9JWUX1rz6JlzG1/pub/NTAGtJwy4miX9BA93snn.png', 'https://drive.google.com/uc?export=download&id=1H8WUQSPRt9HsY7ucsaG-PRfBtA81lqJQ&confirm=t', 'https://drive.google.com/file/d/1H8WUQSPRt9HsY7ucsaG-PRfBtA81lqJQ/view?usp=sharing', 'https://youtu.be/dsWByAuwkLU', 'Ambassador Clips'),
  ('Barley Gummies', 'NTX', 'https://storage.googleapis.com/glide-prod.appspot.com/uploads-v2/LtUkPr9JWUX1rz6JlzG1/pub/7l8syCC3j5IkE5bWB8gO.jpg', 'https://drive.google.com/uc?export=download&id=1D9mbBB_Q8Lsu_1M3j_HqlAy7GYQKfhZ2', 'https://drive.google.com/file/d/1D9mbBB_Q8Lsu_1M3j_HqlAy7GYQKfhZ2/view?usp=sharing', NULL, 'Ambassador Clips'),
  ('Barley Gummies', 'Ji Chang-wook', NULL, 'https://drive.google.com/uc?export=download&id=15asbUvkARGDMnxppqJEhNI2eadh0vVfV', 'https://drive.google.com/file/d/15asbUvkARGDMnxppqJEhNI2eadh0vVfV/view?usp=sharing', NULL, 'Ambassador Clips'),
  ('Barley Gummies', 'Charlie Fleming', NULL, 'https://drive.google.com/uc?export=download&id=13eNrAzcOVPIHK8ohXaAUyaAlFGaTq_S5', 'https://drive.google.com/file/d/13eNrAzcOVPIHK8ohXaAUyaAlFGaTq_S5/view?usp=sharing', NULL, 'Ambassador Clips'),
  ('Choco Barley', 'Marian Rivera', NULL, 'https://drive.google.com/uc?export=download&id=12eeJXWQA7RtQcjvtsk0_Oc_tqKKR1Pgm', 'https://drive.google.com/file/d/12eeJXWQA7RtQcjvtsk0_Oc_tqKKR1Pgm/view?usp=sharing', NULL, 'Ambassador Clips'),
  ('IAM Worldwide', 'Soog Joong-ki', NULL, 'https://drive.google.com/uc?export=download&id=1lde9CYiQ1PVwH1j-ACXYCGumj_rpKyfc', 'https://drive.google.com/file/d/1lde9CYiQ1PVwH1j-ACXYCGumj_rpKyfc/view?usp=sharing', NULL, 'Ambassador Clips'),
  ('Barley Gummies', 'Shuvee Etrata', NULL, 'https://drive.google.com/uc?export=download&id=1JQIox1ObmtRqmS22E3HNMi-w3s9-90dq', 'https://drive.google.com/file/d/1JQIox1ObmtRqmS22E3HNMi-w3s9-90dq/view?usp=sharing', NULL, 'Ambassador Clips'),
  ('Choco Barley', 'Bini Gwen', NULL, 'https://drive.google.com/uc?export=download&id=19UlDE2l3sdl8c8RcUuuN_h3WO80dhofM', 'https://drive.google.com/file/d/19UlDE2l3sdl8c8RcUuuN_h3WO80dhofM/view?usp=sharing', NULL, 'Ambassador Clips'),
  ('Choco Barley', 'Bini Mikha', NULL, 'https://drive.google.com/uc?export=download&id=1c79Rz-8ZogeAYEhVheaifI4yDxXQpIFu', 'https://drive.google.com/file/d/1c79Rz-8ZogeAYEhVheaifI4yDxXQpIFu/view?usp=sharing', NULL, 'Ambassador Clips'),
  ('Choco Barley', 'Bini Maloi', NULL, 'https://drive.google.com/uc?export=download&id=1j3QqLiOIjmNz5e_9hTJvu_SOBbIzm4L8', 'https://drive.google.com/file/d/1j3QqLiOIjmNz5e_9hTJvu_SOBbIzm4L8/view?usp=sharing', NULL, 'Ambassador Clips'),
  ('Choco Barley', 'Bini Sheena', NULL, 'https://drive.google.com/uc?export=download&id=1w4cOaGQ_GclRZhWb7Z_0W9H0ivIfb3ad', 'https://drive.google.com/file/d/1w4cOaGQ_GclRZhWb7Z_0W9H0ivIfb3ad/view?usp=sharing', NULL, 'Ambassador Clips'),
  ('Choco Barley', 'Bini Stacey', NULL, 'https://drive.google.com/uc?export=download&id=11BEtZnr5Hvy7DeUSRGyvezG9ym1psFFy', 'https://drive.google.com/file/d/11BEtZnr5Hvy7DeUSRGyvezG9ym1psFFy/view?usp=sharing', NULL, 'Ambassador Clips'),
  ('Choco Barley', 'Bini Aiah', NULL, 'https://drive.google.com/uc?export=download&id=1ju7lViqWAMwod0KXMqHPZLfUI0ixscTi', 'https://drive.google.com/file/d/1ju7lViqWAMwod0KXMqHPZLfUI0ixscTi/view?usp=sharing', NULL, 'Ambassador Clips'),
  ('Choco Barley', 'Bini Colet', NULL, 'https://drive.google.com/uc?export=download&id=1Wuc5r0AH6ikjToQ6XGfiAUpu8LolN5mo', 'https://drive.google.com/file/d/1Wuc5r0AH6ikjToQ6XGfiAUpu8LolN5mo/view?usp=sharing', NULL, 'Ambassador Clips'),
  ('Choco Barley', 'Bini Jhoanna', NULL, 'https://drive.google.com/uc?export=download&id=1ifqQQBq-5sYTU3ccGz9syVMaZXoQMPY8', 'https://drive.google.com/file/d/1ifqQQBq-5sYTU3ccGz9syVMaZXoQMPY8/view?usp=sharing', NULL, 'Ambassador Clips')
ON CONFLICT DO NOTHING;

-- 7. Insert directory entries (sample - first 10)
INSERT INTO public.directory_entries (location, address, maps_link, owner, facebook_page, operating_hours, phone_1, phone_2, phone_3, sites) VALUES
  ('San Juan City, NCR (Office 1)', 'Unit 3 China Bank Building #14 Ortigas Ave., Greenhills, San Juan City, Metro Manila PH', 'https://www.google.com/maps/place/China+Bank/@14.604977,121.042083,17z/data=!3m1!4b1!4m6!3m5!1s0x3397b7d6e2e9b353:0x9a9ef5e1ef7e52db!8m2!3d14.604977!4d121.042083!16s%2Fg%2F1tj3hlkk?entry=ttu', 'Pres Allen Marvin Eder / VP Aika Lorraine Uy / GM Ana Maniego', 'https://www.facebook.com/iamworldwideofficial', 'Mon - Sat | 01:00 PM - 09:00 PM', '(+63) 2 8878 1437', '(+63) 916-631-3808', NULL, 'Branches (5)'),
  ('San Juan City, NCR (Office 2)', 'Unit 3BCDEF 3/F City Center Building #338 Ortigas Ave., Greenhills, San Juan City, Metro Manila PH', 'https://www.google.com/maps/place/City+Center+Building,+San+Juan+City,+Metro+Manila/@14.6044991,121.0411926,17z', 'Pres Allen Marvin Eder / VP Aika Lorraine Uy / GM Ana Maniego', 'https://www.facebook.com/iamworldwideofficial', 'Mon - Sat | 01:00 PM - 09:00 PM', '(+63) 2 8280 9059', '(+63) 916-631-3808', NULL, 'Branches (5)'),
  ('Antipolo City, Rizal', 'Ground Floor, APS Crowne Plaza, Circumferential Road, San Roque, Antipolo City, Rizal, Rizal - 1870', 'https://www.google.com/maps/place/APS+CROWNE+PLAZA/@14.5805556,121.1687937,17z', 'Edra Ramos', 'https://www.facebook.com/profile.php?id=61572513844829', 'Mon-Sat: 01:00PM-09:00PM', '(+63) 915-801-7500', '(+63) 947-696-9610', NULL, 'Branches (5)'),
  ('Cebu City, Cebu', 'Ground Floor, A104-105 City Time Square, Mandaue Avenue, Tipolo, Mandaue City, Cebu - 6014', 'https://www.google.com/maps/place/City+Time+Square/@10.3264884,123.9239217,16z', 'Arnold S. Adia', 'https://www.facebook.com/IAMwwCebuBranchOfficial', 'Mon-Sat: 10:00AM-6:00PM', '(+63) 993-771-5688', '(+63) 921-794-4982', '(+63) 965-495-4611', 'Branches (5)'),
  ('Davao City, Davao del Sur', 'Unit 6, Khadija Building, Door 4, Mc Arthur Highway, Bangkal, Talomo District, Davao City, Davao del Sur, Mindanao 8000', 'https://www.google.com/maps/place/KHADIJA+BUILDING/@7.0531963,125.5502991,17z', 'Nelyn A. Mateo', 'https://www.facebook.com/IamwwDavaoBranchOfficial', 'Mon-Sat: 01:00PM-09:00PM', '(+63) 977-274-8389', '(+63) 921-787-2788', NULL, 'Branches (5)')
ON CONFLICT DO NOTHING;

-- 8. Insert files_repository (sample of first 30 products)
INSERT INTO public.files_repository (id, file_name, images, drive_link_download, drive_link_share, description, price_dp, price_srp, unilevel_points, folder_name, wholesale_package_commission, package_points_smc, rqv, infinity, check_match, give_me_5, just_4_you, view_video_url) VALUES
  (1, 'Amazing Pure Organic Barley Powder', 'https://storage.googleapis.com/glide-prod.appspot.com/uploads-v2/LtUkPr9JWUX1rz6JlzG1/pub/0oV7nPn2kLDROhiwWjsi.png', 'https://drive.google.com/uc?export=download&id=1mNbFm3T2Lq_vYVR0gU1ycnBiK0Cej_gp', 'https://drive.google.com/file/d/1mNbFm3T2Lq_vYVR0gU1ycnBiK0Cej_gp/view?usp=drive_link', '🌱 A powerhouse superfood made from young organic barley grass, packed with vitamins, minerals, and antioxidants to boost your energy and strengthen immunity.', '₱500 (DP)', '₱1,000 (SRP)', 100, 'Products', NULL, NULL, NULL, NULL, NULL, NULL, NULL, NULL),
  (2, 'Amazing Pure Organic Barley Capsule', 'https://storage.googleapis.com/glide-prod.appspot.com/uploads-v2/LtUkPr9JWUX1rz6JlzG1/pub/GZYoEinZDaHIEvNOY0hk.png', 'https://drive.google.com/uc?export=download&id=1lVA5EiqJDuapgkcO989MpwhGsJnY90dA', 'https://drive.google.com/file/d/1lVA5EiqJDuapgkcO989MpwhGsJnY90dA/view?usp=sharing', '🌿 Packed with 100% organic young barley grass from Australia — nature''s superfood in a capsule!', '₱1,000 (DP)', '₱1,750 (SRP)', 200, 'Products', NULL, NULL, NULL, NULL, NULL, NULL, NULL, NULL),
  (3, 'Amazing Choco Barley', 'https://storage.googleapis.com/glide-prod.appspot.com/uploads-v2/LtUkPr9JWUX1rz6JlzG1/pub/iuahv89amAeXosYbEiim.png', 'https://drive.google.com/uc?export=download&id=1ISQh3tFGDouCZq_6VSxp4stM9ydhl7Kz', 'https://drive.google.com/file/d/1ISQh3tFGDouCZq_6VSxp4stM9ydhl7Kz/view?usp=sharing', '🌱🍫 A delicious fusion of rich chocolate and the superfood power of pure young barley grass.', '₱500 (DP)', '₱1,000 (SRP)', 100, 'Products', NULL, NULL, NULL, NULL, NULL, NULL, NULL, NULL),
  (4, 'Amazing Black Coffee Mix with Organic Barley', 'https://storage.googleapis.com/glide-prod.appspot.com/uploads-v2/LtUkPr9JWUX1rz6JlzG1/pub/56SNIYrmokwq7Rqk5iXj.png', 'https://drive.google.com/uc?export=download&id=17jBMru6AZtfhPYufYxJzzWMQz7YFou5u', 'https://drive.google.com/file/d/17jBMru6AZtfhPYufYxJzzWMQz7YFou5u/view?usp=sharing', '☕✨ The perfect blend of rich, aromatic black coffee and the health-boosting power of organic barley.', '₱200 (DP)', '₱300 (SRP)', 20, 'Products', NULL, NULL, NULL, NULL, NULL, NULL, NULL, NULL),
  (5, 'Amazing Café Latte with Barley and Alkaline', 'https://storage.googleapis.com/glide-prod.appspot.com/uploads-v2/LtUkPr9JWUX1rz6JlzG1/pub/m4JxKcFXgoeyGLwaqTbu.png', 'https://drive.google.com/uc?export=download&id=1i6IlzZcumjEOS-ukkUwRyrC0lqMmuCJ0', 'https://drive.google.com/file/d/1i6IlzZcumjEOS-ukkUwRyrC0lqMmuCJ0/view?usp=sharing', '☕✨ Your perfect blend of creamy coffee goodness, boosted with the power of barley for wellness.', '₱500 (DP)', '₱750 (SRP)', 100, 'Products', NULL, NULL, NULL, NULL, NULL, NULL, NULL, NULL),
  (6, 'Amazing Café Mocha with Barley and Alkaline', 'https://storage.googleapis.com/glide-prod.appspot.com/uploads-v2/LtUkPr9JWUX1rz6JlzG1/pub/tzfJZm0p2nu17ulgVYiN.png', 'https://drive.google.com/uc?export=download&id=1KSTfpNYU9uTkt4VxWsfyL_hu_ORJhiJR', 'https://drive.google.com/file/d/1KSTfpNYU9uTkt4VxWsfyL_hu_ORJhiJR/view?usp=sharing', '☕✨ A rich, velvety coffee blend that energizes your day while keeping it healthy.', '₱500 (DP)', '₱750 (SRP)', 100, 'Products', NULL, NULL, NULL, NULL, NULL, NULL, NULL, NULL),
  (7, 'Amazing Slim Café Macchiato', 'https://storage.googleapis.com/glide-prod.appspot.com/uploads-v2/LtUkPr9JWUX1rz6JlzG1/pub/YSvEiZlr7kDrPuJ33KUH.png', 'https://drive.google.com/uc?export=download&id=15zb1RmPp8qwIJoNa_TQ77t6XiB3dDJWN', 'https://drive.google.com/file/d/15zb1RmPp8qwIJoNa_TQ77t6XiB3dDJWN/view?usp=sharing', '☕✨ Your perfect blend of bold espresso and velvety milk foam.', '₱250 (DP)', '₱375 (SRP)', 20, 'Products', NULL, NULL, NULL, NULL, NULL, NULL, NULL, NULL),
  (8, 'Amazing Coffee Mix with Tongkat Ali', 'https://storage.googleapis.com/glide-prod.appspot.com/uploads-v2/LtUkPr9JWUX1rz6JlzG1/pub/8LMcbPncj3olkxQtMjGy.png', 'https://drive.google.com/uc?export=download&id=18jItukzyVIQRmm3oIEqUfr0QuB_sgv60', 'https://drive.google.com/file/d/18jItukzyVIQRmm3oIEqUfr0QuB_sgv60/view?usp=sharing', '☕✨ Your ultimate energizing brew—blending rich, aromatic coffee with Tongkat Ali.', '₱500 (DP)', '₱750 (SRP)', 100, 'Products', NULL, NULL, NULL, NULL, NULL, NULL, NULL, NULL),
  (9, 'Amazing Coffee Mix with Glutathione', 'https://storage.googleapis.com/glide-prod.appspot.com/uploads-v2/LtUkPr9JWUX1rz6JlzG1/pub/G87MaPKlmDFYyJur40wd.png', 'https://drive.google.com/uc?export=download&id=1vqf0hnT8vW5pwfjMEXfEEMBb6_mgAA5q', 'https://drive.google.com/file/d/1vqf0hnT8vW5pwfjMEXfEEMBb6_mgAA5q/view?usp=sharing', '☕✨ Your daily cup of energy and glow — blending coffee with Glutathione.', '₱500 (DP)', '₱750 (SRP)', 100, 'Products', NULL, NULL, NULL, NULL, NULL, NULL, NULL, NULL),
  (10, 'Amazing White Glutathione', 'https://storage.googleapis.com/glide-prod.appspot.com/uploads-v2/LtUkPr9JWUX1rz6JlzG1/pub/sQnryt3kL1wBB3NZZmdy.png', 'https://drive.google.com/uc?export=download&id=1BJiV_7A4lJCbSLQsV7yGV7JcmGoOM6a5', 'https://drive.google.com/file/d/1BJiV_7A4lJCbSLQsV7yGV7JcmGoOM6a5/view?usp=sharing', '✨💊 Your daily dose of radiant confidence!', '₱1,475 (DP)', '₱2,950 (SRP)', 200, 'Products', NULL, NULL, NULL, NULL, NULL, NULL, NULL, NULL),
  (11, 'Amazing Grape Juice with Garcinia Cambogia', 'https://storage.googleapis.com/glide-prod.appspot.com/uploads-v2/LtUkPr9JWUX1rz6JlzG1/pub/sXoL8LTa18vdpK84lp5p.png', 'https://drive.google.com/uc?export=download&id=1K2qpKk5M1nbHTukvoAwUh_RR8AnQ3zg_', 'https://drive.google.com/file/d/1K2qpKk5M1nbHTukvoAwUh_RR8AnQ3zg_/view?usp=sharing', '🍇 Refreshing, tangy drink with the power of Garcinia Cambogia.', '₱540 (DP)', '₱900 (SRP)', 100, 'Products', NULL, NULL, NULL, NULL, NULL, NULL, NULL, NULL),
  (12, 'Amazing Acai Berry Extract with Collagen', 'https://storage.googleapis.com/glide-prod.appspot.com/uploads-v2/LtUkPr9JWUX1rz6JlzG1/pub/ZboVU43nAGODpWmKvSUB.png', 'https://drive.google.com/uc?export=download&id=1eWYOeWTdWN2MVNY3LbQimz7FyQn7Lu8K', 'https://drive.google.com/file/d/1eWYOeWTdWN2MVNY3LbQimz7FyQn7Lu8K/view?usp=sharing', '✨ Powerhouse blend of acai berries and collagen.', '₱350 (DP)', '₱700 (SRP)', 50, 'Products', NULL, NULL, NULL, NULL, NULL, NULL, NULL, NULL),
  (13, 'Amazing Immunergy', 'https://storage.googleapis.com/glide-prod.appspot.com/uploads-v2/LtUkPr9JWUX1rz6JlzG1/pub/mPK058iMKUL4u8dsVwJH.png', 'https://drive.google.com/uc?export=download&id=1iK7XSqowYEy5PGb7gLgTedvk3TeHlMt5', 'https://drive.google.com/file/d/1iK7XSqowYEy5PGb7gLgTedvk3TeHlMt5/view?usp=sharing', '✨ Your daily shield of wellness — Vitamin C and Vitamin D.', '₱350 (DP)', '₱500 (SRP)', 50, 'Products', NULL, NULL, NULL, NULL, NULL, NULL, NULL, NULL),
  (14, 'Awesome Organic Premium Barley Soap', 'https://storage.googleapis.com/glide-prod.appspot.com/uploads-v2/LtUkPr9JWUX1rz6JlzG1/pub/wgr3J1dbqXZbq8EsBsGD.png', 'https://drive.google.com/uc?export=download&id=12IITLd4miQQLkf3zAB4th_TworyxsY75', 'https://drive.google.com/file/d/12IITLd4miQQLkf3zAB4th_TworyxsY75/view?usp=sharing', '🌿✨ A skin-loving bar packed with organic barley.', '₱500 (DP)', '₱750 (SRP)', 100, 'Products', NULL, NULL, NULL, NULL, NULL, NULL, NULL, NULL),
  (15, 'Jade', 'https://storage.googleapis.com/glide-prod.appspot.com/uploads-v2/LtUkPr9JWUX1rz6JlzG1/pub/aQlrrFJFlZASYtpVpwjr.jpg', 'https://drive.google.com/uc?export=download&id=1d_2UBJJR0fyKH9mMpa9DzxkMT0EvSt98', 'https://drive.google.com/file/d/1d_2UBJJR0fyKH9mMpa9DzxkMT0EvSt98/view?usp=sharing', 'The VIP package (Free additional products worth P50,000)', NULL, '₱198,800', NULL, 'Packages', '₱20,000', '₱5,000', '4,000', '₱3,000', '10%', '₱15,000', '₱200,000', NULL),
  (16, 'Platinum', 'https://storage.googleapis.com/glide-prod.appspot.com/uploads-v2/LtUkPr9JWUX1rz6JlzG1/pub/IuYR1CDo1E7DpqhpfwuY.jpg', 'https://drive.google.com/uc?export=download&id=1bkO4HuEcEff0F2shBbR6FyPN7EdZvzzh', 'https://drive.google.com/file/d/1bkO4HuEcEff0F2shBbR6FyPN7EdZvzzh/view?usp=sharing', NULL, NULL, '₱112,000', NULL, 'Packages', '₱9,000', '₱4,000', '2,800', '₱2,000', '10%', '₱15,000', '₱100,000', NULL),
  (17, 'Gold', 'https://storage.googleapis.com/glide-prod.appspot.com/uploads-v2/LtUkPr9JWUX1rz6JlzG1/pub/h2y1bTZPrbg1XZ6HWX2H.jpg', 'https://drive.google.com/uc?export=download&id=1tieThU06wn8-ik1cvtSamyV5caE_MwhU', 'https://drive.google.com/file/d/1tieThU06wn8-ik1cvtSamyV5caE_MwhU/view?usp=sharing', NULL, NULL, '₱44,800', NULL, 'Packages', '₱3,500', '₱1,500', '1,000', '₱1,000', '8%', '₱15,000', '₱40,000', NULL),
  (18, 'Silver', 'https://storage.googleapis.com/glide-prod.appspot.com/uploads-v2/LtUkPr9JWUX1rz6JlzG1/pub/gmL1us73aabc2ZmvLuA3.jpg', 'https://drive.google.com/uc?export=download&id=10iodlB8qwpEARS3uTVjJrzhEPxNarrkH', 'https://drive.google.com/file/d/10iodlB8qwpEARS3uTVjJrzhEPxNarrkH/view?usp=sharing', NULL, NULL, '₱16,800', NULL, 'Packages', '₱1,500', '₱500', '400', '₱500', '5%', '₱15,000', 'N/A', NULL),
  (19, 'Bronze', 'https://storage.googleapis.com/glide-prod.appspot.com/uploads-v2/LtUkPr9JWUX1rz6JlzG1/pub/9fN67XUWq1K8g2X8QFPm.jpg', 'https://drive.google.com/uc?export=download&id=1D9B-ZGneFJcVUrx8AUVzMj6ADRJKR2Dl', 'https://drive.google.com/file/d/1D9B-ZGneFJcVUrx8AUVzMj6ADRJKR2Dl/view?usp=sharing', NULL, NULL, '₱11,200', NULL, 'Packages', '₱1,000', '₱500', '200', '₱500', '5%', 'N/A', 'N/A', NULL),
  (20, 'Copper', 'https://storage.googleapis.com/glide-prod.appspot.com/uploads-v2/LtUkPr9JWUX1rz6JlzG1/pub/OU9EP1FcSXoE1e7L2hS9.jpg', 'https://drive.google.com/uc?export=download&id=1hP37QxuYb1iKbATgSCcOJ4pc8wYNrI5M', 'https://drive.google.com/file/d/1hP37QxuYb1iKbATgSCcOJ4pc8wYNrI5M/view?usp=sharing', NULL, NULL, '₱5,600', NULL, 'Packages', '₱500', '₱250', '100', 'P250', '0', 'N/A', 'N/A', NULL),
  (21, 'Mazda MX5 Club', 'https://storage.googleapis.com/glide-prod.appspot.com/uploads-v2/LtUkPr9JWUX1rz6JlzG1/pub/B3LWMlZ94zAkV2Oey92T.jpg', 'https://drive.google.com/uc?export=download&id=1v8B6ebvlt_SDEKbqOBClSAopPiRdtqO3', 'https://drive.google.com/file/d/1v8B6ebvlt_SDEKbqOBClSAopPiRdtqO3/view?usp=sharing', NULL, NULL, NULL, NULL, 'Sports/Super Cars', NULL, NULL, NULL, NULL, NULL, NULL, NULL, NULL),
  (22, 'Mustang Club', 'https://storage.googleapis.com/glide-prod.appspot.com/uploads-v2/LtUkPr9JWUX1rz6JlzG1/pub/Kd2fVwKYD3UQgI1w1V5N.jpg', 'https://drive.google.com/uc?export=download&id=1a_1HM1yd2bAiQOlcIfaNda8BCIThbd66', 'https://drive.google.com/file/d/1a_1HM1yd2bAiQOlcIfaNda8BCIThbd66/view?usp=sharing', NULL, NULL, NULL, NULL, 'Sports/Super Cars', NULL, NULL, NULL, NULL, NULL, NULL, NULL, NULL),
  (23, 'Camaro Club', 'https://storage.googleapis.com/glide-prod.appspot.com/uploads-v2/LtUkPr9JWUX1rz6JlzG1/pub/6OoNXEinQPnSxjkZvWPu.jpg', 'https://drive.google.com/uc?export=download&id=1MVb3x2y1DQ23EPWqMz9mfzdMRN4_WYQ8', 'https://drive.google.com/file/d/1MVb3x2y1DQ23EPWqMz9mfzdMRN4_WYQ8/view?usp=sharing', NULL, NULL, NULL, NULL, 'Sports/Super Cars', NULL, NULL, NULL, NULL, NULL, NULL, NULL, NULL),
  (24, 'Cooper Club', 'https://storage.googleapis.com/glide-prod.appspot.com/uploads-v2/LtUkPr9JWUX1rz6JlzG1/pub/Ed5xY3tbybKJLcXbSuuj.jpg', 'https://drive.google.com/uc?export=download&id=1LsaPpuOpO2wLJBx_MGFe6wE40RrdVT2b', 'https://drive.google.com/file/d/1LsaPpuOpO2wLJBx_MGFe6wE40RrdVT2b/view?usp=sharing', NULL, NULL, NULL, NULL, 'Sports/Super Cars', NULL, NULL, NULL, NULL, NULL, NULL, NULL, NULL),
  (25, 'BMW Z4 Club', 'https://storage.googleapis.com/glide-prod.appspot.com/uploads-v2/LtUkPr9JWUX1rz6JlzG1/pub/A0k6EfK5mVaHYc7Eef9A.jpg', 'https://drive.google.com/uc?export=download&id=1LPWHrkmGZAA_z6KqEgOt50RXcPc2iwzc', 'https://drive.google.com/file/d/1LPWHrkmGZAA_z6KqEgOt50RXcPc2iwzc/view?usp=sharing', NULL, NULL, NULL, NULL, 'Sports/Super Cars', NULL, NULL, NULL, NULL, NULL, NULL, NULL, NULL),
  (26, 'Porsche Club', 'https://storage.googleapis.com/glide-prod.appspot.com/uploads-v2/LtUkPr9JWUX1rz6JlzG1/pub/9ST94WWh5jkF1rKyBrnQ.jpg', 'https://drive.google.com/uc?export=download&id=1mVWGoA2_tK0dVDPnYHC5gIJDVin8q7lY', 'https://drive.google.com/file/d/1mVWGoA2_tK0dVDPnYHC5gIJDVin8q7lY/view?usp=sharing', NULL, NULL, NULL, NULL, 'Sports/Super Cars', NULL, NULL, NULL, NULL, NULL, NULL, NULL, NULL),
  (27, 'Corvette Club', 'https://storage.googleapis.com/glide-prod.appspot.com/uploads-v2/LtUkPr9JWUX1rz6JlzG1/pub/BMWP14YjzJnKHZjp0Ndw.jpg', 'https://drive.google.com/uc?export=download&id=1bSTtuwP0G5EwTkNfAlSi5j0XiJqMoHWO', 'https://drive.google.com/file/d/1bSTtuwP0G5EwTkNfAlSi5j0XiJqMoHWO/view?usp=sharing', NULL, NULL, NULL, NULL, 'Sports/Super Cars', NULL, NULL, NULL, NULL, NULL, NULL, NULL, NULL),
  (28, 'Lamborghini Club', 'https://storage.googleapis.com/glide-prod.appspot.com/uploads-v2/LtUkPr9JWUX1rz6JlzG1/pub/xXkIXUMBkH5N9qmyV4eq.jpg', 'https://drive.google.com/uc?export=download&id=1Z-TjqcQSMxNXZe7cws6s0IQOKPla6ik_', 'https://drive.google.com/file/d/1Z-TjqcQSMxNXZe7cws6s0IQOKPla6ik_/view?usp=sharing', NULL, NULL, NULL, NULL, 'Sports/Super Cars', NULL, NULL, NULL, NULL, NULL, NULL, NULL, NULL),
  (29, 'McLaren Club', 'https://storage.googleapis.com/glide-prod.appspot.com/uploads-v2/LtUkPr9JWUX1rz6JlzG1/pub/ttrVbCN8lIcvJd5OviCL.jpg', 'https://drive.google.com/uc?export=download&id=16G684hy6sc21E5DHmznYwvfgJdw-gk1t', 'https://drive.google.com/file/d/16G684hy6sc21E5DHmznYwvfgJdw-gk1t/view?usp=sharing', NULL, NULL, NULL, NULL, 'Sports/Super Cars', NULL, NULL, NULL, NULL, NULL, NULL, NULL, NULL),
  (30, 'Acute Tonsillopharyngitis, Dry Cough, Colds, and High Fever', 'https://storage.googleapis.com/glide-prod.appspot.com/uploads-v2/LtUkPr9JWUX1rz6JlzG1/pub/Fv0szH31Fd2mu6dlDX4y.JPG', 'https://drive.google.com/uc?export=download&id=1YpXbLhFzIN5P_cyr1oAzowtZuPSKou-N', 'https://drive.google.com/file/d/1YpXbLhFzIN5P_cyr1oAzowtZuPSKou-N/view?usp=sharing', NULL, NULL, NULL, NULL, 'Testimonies', NULL, NULL, NULL, NULL, NULL, NULL, NULL, NULL)
ON CONFLICT (id) DO NOTHING;

-- Reset the sequence
SELECT setval('files_repository_id_seq', (SELECT MAX(id) FROM files_repository));